Sl.No,Date,vehicle_category,maker,electric_vehicles_sold
804,01-03-2024,2-Wheelers,OLA ELECTRIC,44630
766,01-02-2024,2-Wheelers,OLA ELECTRIC,33967
728,01-01-2024,2-Wheelers,OLA ELECTRIC,32275
690,01-12-2023,2-Wheelers,OLA ELECTRIC,30588
652,01-11-2023,2-Wheelers,OLA ELECTRIC,29980
430,01-05-2023,2-Wheelers,OLA ELECTRIC,29447
805,01-03-2024,2-Wheelers,TVS,26158
615,01-10-2023,2-Wheelers,OLA ELECTRIC,23968
393,01-04-2023,2-Wheelers,OLA ELECTRIC,22548
791,01-03-2023,2-Wheelers,OLA ELECTRIC,22398
431,01-05-2023,2-Wheelers,TVS,20188
715,01-01-2023,2-Wheelers,OLA ELECTRIC,20148
504,01-07-2023,2-Wheelers,OLA ELECTRIC,19409
541,01-08-2023,2-Wheelers,OLA ELECTRIC,18983
578,01-09-2023,2-Wheelers,OLA ELECTRIC,18926
653,01-11-2023,2-Wheelers,TVS,18914
467,01-06-2023,2-Wheelers,OLA ELECTRIC,17768
753,01-02-2023,2-Wheelers,OLA ELECTRIC,17762
807,01-03-2024,2-Wheelers,BAJAJ,17716
806,01-03-2024,2-Wheelers,ATHER,17012
677,01-12-2022,2-Wheelers,OLA ELECTRIC,16919
795,01-03-2023,2-Wheelers,TVS,16896
616,01-10-2023,2-Wheelers,TVS,16309
639,01-11-2022,2-Wheelers,OLA ELECTRIC,15797
579,01-09-2023,2-Wheelers,TVS,15425
602,01-10-2022,2-Wheelers,OLA ELECTRIC,15391
542,01-08-2023,2-Wheelers,TVS,15296
432,01-05-2023,2-Wheelers,ATHER,15243
729,01-01-2024,2-Wheelers,TVS,15153
603,01-10-2022,2-Wheelers,OKINAWA,14950
767,01-02-2024,2-Wheelers,TVS,14431
779,01-03-2022,2-Wheelers,HERO ELECTRIC,13652
381,01-04-2022,2-Wheelers,OLA ELECTRIC,13601
757,01-02-2023,2-Wheelers,TVS,12671
642,01-11-2022,2-Wheelers,AMPERE,12446
796,01-03-2023,2-Wheelers,ATHER,12180
691,01-12-2023,2-Wheelers,TVS,12171
655,01-11-2023,2-Wheelers,BAJAJ,11769
769,01-02-2024,2-Wheelers,BAJAJ,11603
382,01-04-2022,2-Wheelers,OKINAWA,11341
731,01-01-2024,2-Wheelers,BAJAJ,10753
434,01-05-2023,2-Wheelers,AMPERE,10659
816,01-03-2024,2-Wheelers,OTHERS,10579
719,01-01-2023,2-Wheelers,TVS,10462
418,01-05-2022,2-Wheelers,OKINAWA,10340
693,01-12-2023,2-Wheelers,BAJAJ,10292
505,01-07-2023,2-Wheelers,TVS,10272
605,01-10-2022,2-Wheelers,AMPERE,10113
758,01-02-2023,2-Wheelers,ATHER,10069
433,01-05-2023,2-Wheelers,BAJAJ,9976
530,01-08-2022,2-Wheelers,HERO ELECTRIC,9925
794,01-03-2023,2-Wheelers,AMPERE,9736
664,01-11-2023,2-Wheelers,OTHERS,9707
681,01-12-2022,2-Wheelers,TVS,9363
493,01-07-2022,2-Wheelers,HERO ELECTRIC,9334
417,01-05-2022,2-Wheelers,OLA ELECTRIC,9266
730,01-01-2024,2-Wheelers,ATHER,9244
720,01-01-2023,2-Wheelers,ATHER,9224
654,01-11-2023,2-Wheelers,ATHER,9220
784,01-03-2022,2-Wheelers,OLA ELECTRIC,9143
640,01-11-2022,2-Wheelers,OKINAWA,9068
641,01-11-2022,2-Wheelers,HERO ELECTRIC,9026
618,01-10-2023,2-Wheelers,BAJAJ,8960
768,01-02-2024,2-Wheelers,ATHER,8957
604,01-10-2022,2-Wheelers,HERO ELECTRIC,8868
397,01-04-2023,2-Wheelers,AMPERE,8767
529,01-08-2022,2-Wheelers,OKINAWA,8756
394,01-04-2023,2-Wheelers,TVS,8654
780,01-03-2022,2-Wheelers,OKINAWA,8586
566,01-09-2022,2-Wheelers,OKINAWA,8497
492,01-07-2022,2-Wheelers,OKINAWA,8394
617,01-10-2023,2-Wheelers,ATHER,8375
703,01-01-2022,2-Wheelers,HERO ELECTRIC,8238
567,01-09-2022,2-Wheelers,HERO ELECTRIC,8208
643,01-11-2022,2-Wheelers,TVS,8147
679,01-12-2022,2-Wheelers,HERO ELECTRIC,8100
565,01-09-2022,2-Wheelers,OLA ELECTRIC,8065
644,01-11-2022,2-Wheelers,ATHER,7837
741,01-02-2022,2-Wheelers,HERO ELECTRIC,7773
468,01-06-2023,2-Wheelers,TVS,7772
395,01-04-2023,2-Wheelers,ATHER,7707
682,01-12-2022,2-Wheelers,ATHER,7693
702,01-12-2023,2-Wheelers,OTHERS,7691
455,01-06-2022,2-Wheelers,OKINAWA,7554
628,01-11-2021,2-Wheelers,HERO ELECTRIC,7493
607,01-10-2022,2-Wheelers,ATHER,7356
580,01-09-2023,2-Wheelers,ATHER,7107
627,01-10-2023,2-Wheelers,OTHERS,7092
543,01-08-2023,2-Wheelers,ATHER,7065
581,01-09-2023,2-Wheelers,BAJAJ,7019
457,01-06-2022,2-Wheelers,AMPERE,6919
384,01-04-2022,2-Wheelers,AMPERE,6864
456,01-06-2022,2-Wheelers,HERO ELECTRIC,6836
494,01-07-2022,2-Wheelers,AMPERE,6812
383,01-04-2022,2-Wheelers,HERO ELECTRIC,6803
591,01-10-2021,2-Wheelers,HERO ELECTRIC,6799
531,01-08-2022,2-Wheelers,AMPERE,6771
554,01-09-2021,2-Wheelers,HERO ELECTRIC,6727
781,01-03-2022,2-Wheelers,AMPERE,6666
740,01-01-2024,2-Wheelers,OTHERS,6664
793,01-03-2023,2-Wheelers,HERO ELECTRIC,6661
442,01-05-2023,2-Wheelers,OTHERS,6627
360,01-03-2024,4-Wheelers,Tata Motors,6606
506,01-07-2023,2-Wheelers,ATHER,6604
544,01-08-2023,2-Wheelers,BAJAJ,6508
568,01-09-2022,2-Wheelers,AMPERE,6488
692,01-12-2023,2-Wheelers,ATHER,6471
532,01-08-2022,2-Wheelers,TVS,6426
665,01-12-2021,2-Wheelers,HERO ELECTRIC,6402
717,01-01-2023,2-Wheelers,HERO ELECTRIC,6399
570,01-09-2022,2-Wheelers,ATHER,6280
666,01-12-2021,2-Wheelers,OKINAWA,6184
420,01-05-2022,2-Wheelers,AMPERE,6176
778,01-02-2024,2-Wheelers,OTHERS,6154
742,01-02-2022,2-Wheelers,OKINAWA,6122
756,01-02-2023,2-Wheelers,AMPERE,6003
454,01-06-2022,2-Wheelers,OLA ELECTRIC,5897
755,01-02-2023,2-Wheelers,HERO ELECTRIC,5863
606,01-10-2022,2-Wheelers,TVS,5820
704,01-01-2022,2-Wheelers,OKINAWA,5737
651,01-11-2022,2-Wheelers,OTHERS,5693
307,01-01-2024,4-Wheelers,Tata Motors,5674
689,01-12-2022,2-Wheelers,OTHERS,5557
629,01-11-2021,2-Wheelers,OKINAWA,5542
517,01-08-2021,2-Wheelers,HERO ELECTRIC,5527
533,01-08-2022,2-Wheelers,ATHER,5376
590,01-09-2023,2-Wheelers,OTHERS,5355
790,01-03-2022,2-Wheelers,OTHERS,5330
678,01-12-2022,2-Wheelers,OKINAWA,5281
803,01-03-2023,2-Wheelers,OTHERS,5089
332,01-02-2024,4-Wheelers,Tata Motors,5081
350,01-03-2023,4-Wheelers,Tata Motors,5065
516,01-07-2023,2-Wheelers,OTHERS,5020
553,01-08-2023,2-Wheelers,OTHERS,4990
282,01-12-2023,4-Wheelers,Tata Motors,4893
103,01-04-2023,4-Wheelers,Mahindra & Mahindra,4880
765,01-02-2023,2-Wheelers,OTHERS,4874
392,01-04-2022,2-Wheelers,OTHERS,4683
656,01-11-2023,2-Wheelers,AMPERE,4638
614,01-10-2022,2-Wheelers,OTHERS,4614
680,01-12-2022,2-Wheelers,AMPERE,4592
480,01-07-2021,2-Wheelers,HERO ELECTRIC,4557
797,01-03-2023,2-Wheelers,BAJAJ,4552
469,01-06-2023,2-Wheelers,ATHER,4547
792,01-03-2023,2-Wheelers,OKINAWA,4509
619,01-10-2023,2-Wheelers,AMPERE,4487
479,01-06-2023,2-Wheelers,OTHERS,4466
718,01-01-2023,2-Wheelers,AMPERE,4456
257,01-11-2023,4-Wheelers,Tata Motors,4432
743,01-02-2022,2-Wheelers,AMPERE,4431
716,01-01-2023,2-Wheelers,OKINAWA,4407
705,01-01-2022,2-Wheelers,AMPERE,4366
495,01-07-2022,2-Wheelers,TVS,4348
405,01-04-2023,2-Wheelers,OTHERS,4315
727,01-01-2023,2-Wheelers,OTHERS,4241
592,01-10-2021,2-Wheelers,OKINAWA,4166
582,01-09-2023,2-Wheelers,AMPERE,4148
507,01-07-2023,2-Wheelers,BAJAJ,4081
396,01-04-2023,2-Wheelers,BAJAJ,4043
752,01-02-2022,2-Wheelers,OTHERS,4033
569,01-09-2022,2-Wheelers,TVS,4001
814,01-03-2024,2-Wheelers,KINETIC GREEN,3915
233,01-10-2023,4-Wheelers,Tata Motors,3911
746,01-02-2022,2-Wheelers,OLA ELECTRIC,3911
491,01-07-2022,2-Wheelers,OLA ELECTRIC,3864
577,01-09-2022,2-Wheelers,OTHERS,3849
754,01-02-2023,2-Wheelers,OKINAWA,3848
437,01-05-2023,2-Wheelers,OKAYA EV,3831
459,01-06-2022,2-Wheelers,ATHER,3829
166,01-07-2023,4-Wheelers,Tata Motors,3823
540,01-08-2022,2-Wheelers,OTHERS,3678
144,01-06-2023,4-Wheelers,Tata Motors,3671
466,01-06-2022,2-Wheelers,OTHERS,3658
545,01-08-2023,2-Wheelers,AMPERE,3654
571,01-09-2022,2-Wheelers,BAJAJ,3649
503,01-07-2022,2-Wheelers,OTHERS,3562
608,01-10-2022,2-Wheelers,BAJAJ,3549
508,01-07-2023,2-Wheelers,AMPERE,3530
528,01-08-2022,2-Wheelers,OLA ELECTRIC,3475
124,01-05-2023,4-Wheelers,Mahindra & Mahindra,3457
429,01-05-2022,2-Wheelers,OTHERS,3455
667,01-12-2021,2-Wheelers,AMPERE,3410
188,01-08-2023,4-Wheelers,Tata Motors,3388
422,01-05-2022,2-Wheelers,ATHER,3337
555,01-09-2021,2-Wheelers,OKINAWA,3321
694,01-12-2023,2-Wheelers,AMPERE,3309
399,01-04-2023,2-Wheelers,HERO ELECTRIC,3293
683,01-12-2022,2-Wheelers,BAJAJ,3240
122,01-05-2023,4-Wheelers,Tata Motors,3212
398,01-04-2023,2-Wheelers,OKINAWA,3179
210,01-09-2023,4-Wheelers,Tata Motors,3126
808,01-03-2024,2-Wheelers,AMPERE,3108
812,01-03-2024,2-Wheelers,BGAUSS,3070
714,01-01-2022,2-Wheelers,OTHERS,3065
645,01-11-2022,2-Wheelers,BAJAJ,3057
471,01-06-2023,2-Wheelers,AMPERE,3006
470,01-06-2023,2-Wheelers,BAJAJ,2975
419,01-05-2022,2-Wheelers,HERO ELECTRIC,2970
342,01-03-2022,4-Wheelers,Tata Motors,2900
518,01-08-2021,2-Wheelers,OKINAWA,2894
435,01-05-2023,2-Wheelers,OKINAWA,2873
352,01-03-2023,4-Wheelers,Mahindra & Mahindra,2745
323,01-02-2023,4-Wheelers,Tata Motors,2651
594,01-10-2021,2-Wheelers,ATHER,2647
481,01-07-2021,2-Wheelers,OKINAWA,2633
534,01-08-2022,2-Wheelers,BAJAJ,2620
676,01-12-2021,2-Wheelers,OTHERS,2603
472,01-06-2023,2-Wheelers,OKINAWA,2588
770,01-02-2024,2-Wheelers,AMPERE,2577
146,01-06-2023,4-Wheelers,Mahindra & Mahindra,2574
759,01-02-2023,2-Wheelers,BAJAJ,2537
732,01-01-2024,2-Wheelers,AMPERE,2505
497,01-07-2022,2-Wheelers,BAJAJ,2482
386,01-04-2022,2-Wheelers,ATHER,2451
462,01-06-2022,2-Wheelers,REVOLT,2423
225,01-10-2022,4-Wheelers,Tata Motors,2395
785,01-03-2022,2-Wheelers,TVS,2391
499,01-07-2022,2-Wheelers,REVOLT,2318
638,01-11-2021,2-Wheelers,OTHERS,2317
159,01-07-2022,4-Wheelers,Tata Motors,2264
248,01-11-2022,4-Wheelers,Tata Motors,2264
721,01-01-2023,2-Wheelers,BAJAJ,2252
509,01-07-2023,2-Wheelers,OKINAWA,2238
744,01-02-2022,2-Wheelers,ATHER,2232
782,01-03-2022,2-Wheelers,ATHER,2232
631,01-11-2021,2-Wheelers,ATHER,2202
168,01-07-2023,4-Wheelers,Mahindra & Mahindra,2174
557,01-09-2021,2-Wheelers,ATHER,2174
137,01-06-2022,4-Wheelers,Tata Motors,2169
115,01-05-2022,4-Wheelers,Tata Motors,2097
436,01-05-2023,2-Wheelers,HERO ELECTRIC,2085
630,01-11-2021,2-Wheelers,AMPERE,2077
783,01-03-2022,2-Wheelers,PURE EV,2065
235,01-10-2023,4-Wheelers,Mahindra & Mahindra,2027
190,01-08-2023,4-Wheelers,Mahindra & Mahindra,2013
203,01-09-2022,4-Wheelers,Tata Motors,1997
273,01-12-2022,4-Wheelers,Tata Motors,1992
458,01-06-2022,2-Wheelers,TVS,1983
546,01-08-2023,2-Wheelers,OKINAWA,1977
609,01-10-2022,2-Wheelers,OKAYA EV,1968
267,01-12-2021,4-Wheelers,Tata Motors,1952
181,01-08-2022,4-Wheelers,Tata Motors,1931
317,01-02-2022,4-Wheelers,Tata Motors,1922
706,01-01-2022,2-Wheelers,ATHER,1881
601,01-10-2021,2-Wheelers,OTHERS,1826
460,01-06-2022,2-Wheelers,BAJAJ,1824
668,01-12-2021,2-Wheelers,ATHER,1813
298,01-01-2023,4-Wheelers,Tata Motors,1812
423,01-05-2022,2-Wheelers,BAJAJ,1812
483,01-07-2021,2-Wheelers,ATHER,1799
438,01-05-2023,2-Wheelers,BGAUSS,1792
646,01-11-2022,2-Wheelers,OKAYA EV,1783
583,01-09-2023,2-Wheelers,OKINAWA,1769
798,01-03-2023,2-Wheelers,OKAYA EV,1765
389,01-04-2022,2-Wheelers,PURE EV,1756
707,01-01-2022,2-Wheelers,PURE EV,1691
632,01-11-2021,2-Wheelers,PURE EV,1688
669,01-12-2021,2-Wheelers,PURE EV,1685
212,01-09-2023,4-Wheelers,Mahindra & Mahindra,1668
536,01-08-2022,2-Wheelers,REVOLT,1662
564,01-09-2021,2-Wheelers,OTHERS,1627
520,01-08-2021,2-Wheelers,ATHER,1613
425,01-05-2022,2-Wheelers,REVOLT,1589
660,01-11-2023,2-Wheelers,BGAUSS,1589
657,01-11-2023,2-Wheelers,OKINAWA,1587
747,01-02-2022,2-Wheelers,TVS,1560
400,01-04-2023,2-Wheelers,OKAYA EV,1544
325,01-02-2023,4-Wheelers,Mahindra & Mahindra,1531
385,01-04-2022,2-Wheelers,TVS,1498
736,01-01-2024,2-Wheelers,BGAUSS,1469
426,01-05-2022,2-Wheelers,PURE EV,1464
620,01-10-2023,2-Wheelers,OKINAWA,1457
684,01-12-2022,2-Wheelers,OKAYA EV,1445
745,01-02-2022,2-Wheelers,PURE EV,1428
612,01-10-2022,2-Wheelers,BEING,1422
484,01-07-2021,2-Wheelers,PURE EV,1417
786,01-03-2022,2-Wheelers,REVOLT,1413
94,01-04-2022,4-Wheelers,Tata Motors,1409
595,01-10-2021,2-Wheelers,PURE EV,1400
749,01-02-2022,2-Wheelers,BAJAJ,1372
443,01-06-2021,2-Wheelers,HERO ELECTRIC,1355
558,01-09-2021,2-Wheelers,PURE EV,1337
774,01-02-2024,2-Wheelers,BGAUSS,1334
496,01-07-2022,2-Wheelers,ATHER,1289
659,01-11-2023,2-Wheelers,OKAYA EV,1281
527,01-08-2021,2-Wheelers,OTHERS,1279
722,01-01-2023,2-Wheelers,OKAYA EV,1265
275,01-12-2022,4-Wheelers,Mahindra & Mahindra,1260
650,01-11-2022,2-Wheelers,JITENDRA,1256
371,01-04-2021,2-Wheelers,OKINAWA,1251
501,01-07-2022,2-Wheelers,BEING,1245
388,01-04-2022,2-Wheelers,REVOLT,1241
760,01-02-2023,2-Wheelers,OKAYA EV,1232
387,01-04-2022,2-Wheelers,BAJAJ,1223
259,01-11-2023,4-Wheelers,Mahindra & Mahindra,1222
811,01-03-2024,2-Wheelers,OKAYA EV,1218
649,01-11-2022,2-Wheelers,BEING,1216
205,01-09-2022,4-Wheelers,Mahindra & Mahindra,1213
490,01-07-2021,2-Wheelers,OTHERS,1202
698,01-12-2023,2-Wheelers,BGAUSS,1200
674,01-12-2021,2-Wheelers,BEING,1190
439,01-05-2023,2-Wheelers,BATTRE ELECTRIC,1185
623,01-10-2023,2-Wheelers,BGAUSS,1157
709,01-01-2022,2-Wheelers,TVS,1155
750,01-02-2022,2-Wheelers,BEING,1149
799,01-03-2023,2-Wheelers,REVOLT,1140
548,01-08-2023,2-Wheelers,OKAYA EV,1137
748,01-02-2022,2-Wheelers,REVOLT,1128
463,01-06-2022,2-Wheelers,PURE EV,1125
473,01-06-2023,2-Wheelers,HERO ELECTRIC,1123
671,01-12-2021,2-Wheelers,TVS,1119
613,01-10-2022,2-Wheelers,JITENDRA,1111
708,01-01-2022,2-Wheelers,OLA ELECTRIC,1107
538,01-08-2022,2-Wheelers,BEING,1099
521,01-08-2021,2-Wheelers,PURE EV,1094
183,01-08-2022,4-Wheelers,Mahindra & Mahindra,1085
593,01-10-2021,2-Wheelers,AMPERE,1083
498,01-07-2022,2-Wheelers,OKAYA EV,1076
250,01-11-2022,4-Wheelers,Mahindra & Mahindra,1067
712,01-01-2022,2-Wheelers,BEING,1062
789,01-03-2022,2-Wheelers,JITENDRA,1052
227,01-10-2022,4-Wheelers,Mahindra & Mahindra,1051
611,01-10-2022,2-Wheelers,PURE EV,1047
610,01-10-2022,2-Wheelers,REVOLT,1041
243,01-11-2021,4-Wheelers,Tata Motors,1036
284,01-12-2023,4-Wheelers,Mahindra & Mahindra,1015
788,01-03-2022,2-Wheelers,BEING,1013
292,01-01-2022,4-Wheelers,Tata Motors,1012
464,01-06-2022,2-Wheelers,BEING,1005
500,01-07-2022,2-Wheelers,PURE EV,1000
444,01-06-2021,2-Wheelers,OKINAWA,984
575,01-09-2022,2-Wheelers,BEING,975
300,01-01-2023,4-Wheelers,Mahindra & Mahindra,967
687,01-12-2022,2-Wheelers,BEING,966
572,01-09-2022,2-Wheelers,OKAYA EV,954
695,01-12-2023,2-Wheelers,OKINAWA,953
391,01-04-2022,2-Wheelers,JITENDRA,940
167,01-07-2023,4-Wheelers,MG Motor,935
648,01-11-2022,2-Wheelers,PURE EV,925
586,01-09-2023,2-Wheelers,BGAUSS,924
189,01-08-2023,4-Wheelers,MG Motor,913
549,01-08-2023,2-Wheelers,BGAUSS,912
636,01-11-2021,2-Wheelers,BEING,912
308,01-01-2024,4-Wheelers,MG Motor,908
535,01-08-2022,2-Wheelers,OKAYA EV,905
373,01-04-2021,2-Wheelers,ATHER,903
597,01-10-2021,2-Wheelers,REVOLT,900
309,01-01-2024,4-Wheelers,Mahindra & Mahindra,896
440,01-05-2023,2-Wheelers,KINETIC GREEN,886
361,01-03-2024,4-Wheelers,MG Motor,885
502,01-07-2022,2-Wheelers,JITENDRA,880
537,01-08-2022,2-Wheelers,PURE EV,880
589,01-09-2023,2-Wheelers,REVOLT,879
145,01-06-2023,4-Wheelers,MG Motor,877
390,01-04-2022,2-Wheelers,BEING,874
585,01-09-2023,2-Wheelers,OKAYA EV,873
161,01-07-2022,4-Wheelers,Mahindra & Mahindra,866
573,01-09-2022,2-Wheelers,REVOLT,865
622,01-10-2023,2-Wheelers,OKAYA EV,863
427,01-05-2022,2-Wheelers,BEING,862
787,01-03-2022,2-Wheelers,BAJAJ,855
523,01-08-2021,2-Wheelers,REVOLT,853
403,01-04-2023,2-Wheelers,KINETIC GREEN,838
584,01-09-2023,2-Wheelers,HERO ELECTRIC,835
672,01-12-2021,2-Wheelers,REVOLT,835
333,01-02-2024,4-Wheelers,MG Motor,829
658,01-11-2023,2-Wheelers,HERO ELECTRIC,814
519,01-08-2021,2-Wheelers,AMPERE,810
738,01-01-2024,2-Wheelers,KINETIC GREEN,810
556,01-09-2021,2-Wheelers,AMPERE,807
220,01-10-2021,4-Wheelers,Tata Motors,803
524,01-08-2021,2-Wheelers,BAJAJ,796
574,01-09-2022,2-Wheelers,PURE EV,790
139,01-06-2022,4-Wheelers,Mahindra & Mahindra,787
634,01-11-2021,2-Wheelers,REVOLT,780
686,01-12-2022,2-Wheelers,PURE EV,780
511,01-07-2023,2-Wheelers,OKAYA EV,775
547,01-08-2023,2-Wheelers,HERO ELECTRIC,774
198,01-09-2021,4-Wheelers,Tata Motors,772
510,01-07-2023,2-Wheelers,HERO ELECTRIC,770
401,01-04-2023,2-Wheelers,BGAUSS,762
461,01-06-2022,2-Wheelers,OKAYA EV,760
370,01-04-2021,2-Wheelers,HERO ELECTRIC,759
598,01-10-2021,2-Wheelers,BAJAJ,754
283,01-12-2023,4-Wheelers,MG Motor,753
372,01-04-2021,2-Wheelers,AMPERE,751
380,01-04-2021,2-Wheelers,OTHERS,749
487,01-07-2021,2-Wheelers,BAJAJ,730
635,01-11-2021,2-Wheelers,BAJAJ,728
258,01-11-2023,4-Wheelers,MG Motor,723
724,01-01-2023,2-Wheelers,PURE EV,717
234,01-10-2023,4-Wheelers,MG Motor,714
334,01-02-2024,4-Wheelers,Mahindra & Mahindra,712
362,01-03-2024,4-Wheelers,Mahindra & Mahindra,708
478,01-06-2023,2-Wheelers,REVOLT,705
344,01-03-2022,4-Wheelers,Mahindra & Mahindra,701
697,01-12-2023,2-Wheelers,OKAYA EV,700
154,01-07-2021,4-Wheelers,Tata Motors,696
559,01-09-2021,2-Wheelers,TVS,688
626,01-10-2023,2-Wheelers,REVOLT,681
211,01-09-2023,4-Wheelers,MG Motor,676
733,01-01-2024,2-Wheelers,OKINAWA,675
701,01-12-2023,2-Wheelers,REVOLT,673
710,01-01-2022,2-Wheelers,REVOLT,673
809,01-03-2024,2-Wheelers,OKINAWA,673
688,01-12-2022,2-Wheelers,JITENDRA,668
482,01-07-2021,2-Wheelers,AMPERE,663
663,01-11-2023,2-Wheelers,REVOLT,663
576,01-09-2022,2-Wheelers,JITENDRA,661
700,01-12-2023,2-Wheelers,KINETIC GREEN,660
661,01-11-2023,2-Wheelers,BATTRE ELECTRIC,659
621,01-10-2023,2-Wheelers,HERO ELECTRIC,658
512,01-07-2023,2-Wheelers,BGAUSS,653
539,01-08-2022,2-Wheelers,JITENDRA,653
771,01-02-2024,2-Wheelers,OKINAWA,652
522,01-08-2021,2-Wheelers,TVS,651
773,01-02-2024,2-Wheelers,OKAYA EV,649
485,01-07-2021,2-Wheelers,TVS,648
428,01-05-2022,2-Wheelers,JITENDRA,646
402,01-04-2023,2-Wheelers,BATTRE ELECTRIC,644
673,01-12-2021,2-Wheelers,BAJAJ,642
813,01-03-2024,2-Wheelers,BATTRE ELECTRIC,625
776,01-02-2024,2-Wheelers,KINETIC GREEN,624
117,01-05-2022,4-Wheelers,Mahindra & Mahindra,622
711,01-01-2022,2-Wheelers,BAJAJ,612
96,01-04-2022,4-Wheelers,Mahindra & Mahindra,611
815,01-03-2024,2-Wheelers,REVOLT,585
176,01-08-2021,4-Wheelers,Tata Motors,584
800,01-03-2023,2-Wheelers,PURE EV,584
751,01-02-2022,2-Wheelers,JITENDRA,583
374,01-04-2021,2-Wheelers,PURE EV,581
735,01-01-2024,2-Wheelers,OKAYA EV,574
132,01-06-2021,4-Wheelers,Tata Motors,572
725,01-01-2023,2-Wheelers,BEING,571
465,01-06-2022,2-Wheelers,JITENDRA,568
453,01-06-2021,2-Wheelers,OTHERS,567
441,01-05-2023,2-Wheelers,REVOLT,565
269,01-12-2021,4-Wheelers,Mahindra & Mahindra,552
696,01-12-2023,2-Wheelers,HERO ELECTRIC,545
713,01-01-2022,2-Wheelers,JITENDRA,535
647,01-11-2022,2-Wheelers,REVOLT,524
739,01-01-2024,2-Wheelers,REVOLT,524
633,01-11-2021,2-Wheelers,TVS,522
726,01-01-2023,2-Wheelers,JITENDRA,522
404,01-04-2023,2-Wheelers,REVOLT,520
552,01-08-2023,2-Wheelers,REVOLT,508
675,01-12-2021,2-Wheelers,JITENDRA,503
560,01-09-2021,2-Wheelers,REVOLT,499
488,01-07-2021,2-Wheelers,BEING,494
762,01-02-2023,2-Wheelers,PURE EV,488
596,01-10-2021,2-Wheelers,TVS,486
319,01-02-2022,4-Wheelers,Mahindra & Mahindra,478
421,01-05-2022,2-Wheelers,TVS,478
515,01-07-2023,2-Wheelers,REVOLT,478
294,01-01-2022,4-Wheelers,Mahindra & Mahindra,474
777,01-02-2024,2-Wheelers,REVOLT,473
599,01-10-2021,2-Wheelers,BEING,469
249,01-11-2022,4-Wheelers,MG Motor,464
245,01-11-2021,4-Wheelers,Mahindra & Mahindra,462
447,01-06-2021,2-Wheelers,PURE EV,460
801,01-03-2023,2-Wheelers,BEING,446
662,01-11-2023,2-Wheelers,KINETIC GREEN,422
474,01-06-2023,2-Wheelers,OKAYA EV,419
734,01-01-2024,2-Wheelers,HERO ELECTRIC,413
625,01-10-2023,2-Wheelers,KINETIC GREEN,389
561,01-09-2021,2-Wheelers,BAJAJ,381
551,01-08-2023,2-Wheelers,KINETIC GREEN,380
351,01-03-2023,4-Wheelers,MG Motor,372
222,01-10-2021,4-Wheelers,Mahindra & Mahindra,369
101,01-04-2023,4-Wheelers,Tata Motors,364
274,01-12-2022,4-Wheelers,MG Motor,363
123,01-05-2023,4-Wheelers,MG Motor,351
802,01-03-2023,2-Wheelers,JITENDRA,350
353,01-03-2023,4-Wheelers,BYD India,348
226,01-10-2022,4-Wheelers,MG Motor,338
562,01-09-2021,2-Wheelers,BEING,337
763,01-02-2023,2-Wheelers,BEING,337
525,01-08-2021,2-Wheelers,BEING,325
772,01-02-2024,2-Wheelers,HERO ELECTRIC,323
89,01-04-2021,4-Wheelers,Tata Motors,322
486,01-07-2021,2-Wheelers,REVOLT,321
446,01-06-2021,2-Wheelers,ATHER,320
810,01-03-2024,2-Wheelers,HERO ELECTRIC,316
299,01-01-2023,4-Wheelers,MG Motor,313
764,01-02-2023,2-Wheelers,JITENDRA,308
177,01-08-2021,4-Wheelers,MG Motor,303
375,01-04-2021,2-Wheelers,TVS,302
445,01-06-2021,2-Wheelers,AMPERE,299
550,01-08-2023,2-Wheelers,BATTRE ELECTRIC,287
737,01-01-2024,2-Wheelers,BATTRE ELECTRIC,284
600,01-10-2021,2-Wheelers,JITENDRA,283
200,01-09-2021,4-Wheelers,Mahindra & Mahindra,276
637,01-11-2021,2-Wheelers,JITENDRA,273
102,01-04-2023,4-Wheelers,MG Motor,265
199,01-09-2021,4-Wheelers,MG Motor,263
324,01-02-2023,4-Wheelers,MG Motor,261
416,01-05-2021,2-Wheelers,OTHERS,260
587,01-09-2023,2-Wheelers,BATTRE ELECTRIC,255
149,01-06-2023,4-Wheelers,PCA Automobiles,254
127,01-05-2023,4-Wheelers,PCA Automobiles,245
407,01-05-2021,2-Wheelers,OKINAWA,245
699,01-12-2023,2-Wheelers,BATTRE ELECTRIC,241
670,01-12-2021,2-Wheelers,OLA ELECTRIC,240
182,01-08-2022,4-Wheelers,MG Motor,234
155,01-07-2021,4-Wheelers,MG Motor,232
588,01-09-2023,2-Wheelers,KINETIC GREEN,231
514,01-07-2023,2-Wheelers,KINETIC GREEN,229
624,01-10-2023,2-Wheelers,BATTRE ELECTRIC,227
775,01-02-2024,2-Wheelers,BATTRE ELECTRIC,219
263,01-11-2023,4-Wheelers,BMW India,215
489,01-07-2021,2-Wheelers,JITENDRA,212
448,01-06-2021,2-Wheelers,TVS,208
526,01-08-2021,2-Wheelers,JITENDRA,208
204,01-09-2022,4-Wheelers,MG Motor,207
178,01-08-2021,4-Wheelers,Mahindra & Mahindra,204
477,01-06-2023,2-Wheelers,KINETIC GREEN,201
451,01-06-2021,2-Wheelers,BEING,198
160,01-07-2022,4-Wheelers,MG Motor,194
221,01-10-2021,4-Wheelers,MG Motor,194
475,01-06-2023,2-Wheelers,BGAUSS,189
106,01-04-2023,4-Wheelers,PCA Automobiles,181
116,01-05-2022,4-Wheelers,MG Motor,181
95,01-04-2022,4-Wheelers,MG Motor,177
450,01-06-2021,2-Wheelers,BAJAJ,176
326,01-02-2023,4-Wheelers,BYD India,174
138,01-06-2022,4-Wheelers,MG Motor,173
91,01-04-2021,4-Wheelers,Mahindra & Mahindra,171
156,01-07-2021,4-Wheelers,Mahindra & Mahindra,171
378,01-04-2021,2-Wheelers,BEING,171
406,01-05-2021,2-Wheelers,HERO ELECTRIC,170
171,01-07-2023,4-Wheelers,PCA Automobiles,169
214,01-09-2023,4-Wheelers,Hyundai Motor,161
409,01-05-2021,2-Wheelers,ATHER,160
104,01-04-2023,4-Wheelers,BYD India,156
355,01-03-2023,4-Wheelers,PCA Automobiles,151
237,01-10-2023,4-Wheelers,Hyundai Motor,148
408,01-05-2021,2-Wheelers,AMPERE,147
363,01-03-2024,4-Wheelers,BYD India,142
192,01-08-2023,4-Wheelers,Hyundai Motor,141
213,01-09-2023,4-Wheelers,BYD India,141
147,01-06-2023,4-Wheelers,BYD India,140
376,01-04-2021,2-Wheelers,REVOLT,138
111,01-05-2021,4-Wheelers,Tata Motors,137
288,01-12-2023,4-Wheelers,BMW India,137
285,01-12-2023,4-Wheelers,BYD India,135
335,01-02-2024,4-Wheelers,BYD India,135
563,01-09-2021,2-Wheelers,JITENDRA,134
513,01-07-2023,2-Wheelers,BATTRE ELECTRIC,133
238,01-10-2023,4-Wheelers,PCA Automobiles,132
365,01-03-2024,4-Wheelers,PCA Automobiles,130
126,01-05-2023,4-Wheelers,Hyundai Motor,129
133,01-06-2021,4-Wheelers,MG Motor,128
311,01-01-2024,4-Wheelers,Hyundai Motor,128
261,01-11-2023,4-Wheelers,Hyundai Motor,125
310,01-01-2024,4-Wheelers,BYD India,123
410,01-05-2021,2-Wheelers,PURE EV,122
148,01-06-2023,4-Wheelers,Hyundai Motor,121
90,01-04-2021,4-Wheelers,MG Motor,118
244,01-11-2021,4-Wheelers,MG Motor,118
313,01-01-2024,4-Wheelers,BMW India,116
364,01-03-2024,4-Wheelers,Hyundai Motor,116
125,01-05-2023,4-Wheelers,BYD India,110
236,01-10-2023,4-Wheelers,BYD India,109
215,01-09-2023,4-Wheelers,PCA Automobiles,108
134,01-06-2021,4-Wheelers,Mahindra & Mahindra,106
260,01-11-2023,4-Wheelers,BYD India,106
301,01-01-2023,4-Wheelers,BYD India,101
268,01-12-2021,4-Wheelers,MG Motor,99
262,01-11-2023,4-Wheelers,PCA Automobiles,98
286,01-12-2023,4-Wheelers,Hyundai Motor,97
338,01-02-2024,4-Wheelers,BMW India,97
336,01-02-2024,4-Wheelers,Hyundai Motor,94
303,01-01-2023,4-Wheelers,BMW India,91
169,01-07-2023,4-Wheelers,BYD India,89
193,01-08-2023,4-Wheelers,PCA Automobiles,89
170,01-07-2023,4-Wheelers,Hyundai Motor,88
302,01-01-2023,4-Wheelers,Hyundai Motor,84
476,01-06-2023,2-Wheelers,BATTRE ELECTRIC,82
172,01-07-2023,4-Wheelers,BMW India,81
191,01-08-2023,4-Wheelers,BYD India,80
761,01-02-2023,2-Wheelers,REVOLT,79
113,01-05-2021,4-Wheelers,Mahindra & Mahindra,78
150,01-06-2023,4-Wheelers,BMW India,76
343,01-03-2022,4-Wheelers,MG Motor,75
239,01-10-2023,4-Wheelers,BMW India,71
277,01-12-2022,4-Wheelers,Hyundai Motor,68
281,01-12-2022,4-Wheelers,KIA Motors,65
194,01-08-2023,4-Wheelers,BMW India,64
229,01-10-2022,4-Wheelers,Hyundai Motor,64
337,01-02-2024,4-Wheelers,PCA Automobiles,64
256,01-11-2022,4-Wheelers,KIA Motors,61
252,01-11-2022,4-Wheelers,Hyundai Motor,59
449,01-06-2021,2-Wheelers,REVOLT,59
216,01-09-2023,4-Wheelers,BMW India,58
128,01-05-2023,4-Wheelers,BMW India,57
207,01-09-2022,4-Wheelers,Hyundai Motor,57
265,01-11-2023,4-Wheelers,Volvo Auto India,57
366,01-03-2024,4-Wheelers,BMW India,55
414,01-05-2021,2-Wheelers,BEING,54
185,01-08-2022,4-Wheelers,Hyundai Motor,53
107,01-04-2023,4-Wheelers,BMW India,51
289,01-12-2023,4-Wheelers,Mercedes -Benz AG,51
206,01-09-2022,4-Wheelers,BYD India,48
293,01-01-2022,4-Wheelers,MG Motor,48
377,01-04-2021,2-Wheelers,BAJAJ,48
290,01-12-2023,4-Wheelers,Volvo Auto India,47
163,01-07-2022,4-Wheelers,Hyundai Motor,45
328,01-02-2023,4-Wheelers,BMW India,43
452,01-06-2021,2-Wheelers,JITENDRA,43
105,01-04-2023,4-Wheelers,Hyundai Motor,42
218,01-09-2023,4-Wheelers,Volvo Auto India,42
315,01-01-2024,4-Wheelers,Volvo Auto India,42
412,01-05-2021,2-Wheelers,REVOLT,42
217,01-09-2023,4-Wheelers,Mercedes -Benz AG,41
241,01-10-2023,4-Wheelers,Volvo Auto India,41
287,01-12-2023,4-Wheelers,PCA Automobiles,40
356,01-03-2023,4-Wheelers,BMW India,40
112,01-05-2021,4-Wheelers,MG Motor,39
141,01-06-2022,4-Wheelers,Hyundai Motor,39
242,01-10-2023,4-Wheelers,KIA Motors,39
251,01-11-2022,4-Wheelers,BYD India,39
368,01-03-2024,4-Wheelers,Volvo Auto India,39
276,01-12-2022,4-Wheelers,BYD India,37
358,01-03-2023,4-Wheelers,Volvo Auto India,37
685,01-12-2022,2-Wheelers,REVOLT,37
131,01-05-2023,4-Wheelers,KIA Motors,36
140,01-06-2022,4-Wheelers,BYD India,36
196,01-08-2023,4-Wheelers,Volvo Auto India,36
327,01-02-2023,4-Wheelers,Hyundai Motor,36
379,01-04-2021,2-Wheelers,JITENDRA,36
264,01-11-2023,4-Wheelers,Mercedes -Benz AG,35
306,01-01-2023,4-Wheelers,KIA Motors,35
340,01-02-2024,4-Wheelers,Volvo Auto India,35
354,01-03-2023,4-Wheelers,Hyundai Motor,35
130,01-05-2023,4-Wheelers,Volvo Auto India,34
152,01-06-2023,4-Wheelers,Volvo Auto India,33
184,01-08-2022,4-Wheelers,BYD India,33
162,01-07-2022,4-Wheelers,BYD India,32
367,01-03-2024,4-Wheelers,Mercedes -Benz AG,31
110,01-04-2023,4-Wheelers,KIA Motors,30
118,01-05-2022,4-Wheelers,BYD India,30
153,01-06-2023,4-Wheelers,KIA Motors,30
318,01-02-2022,4-Wheelers,MG Motor,30
232,01-10-2022,4-Wheelers,KIA Motors,29
266,01-11-2023,4-Wheelers,KIA Motors,29
314,01-01-2024,4-Wheelers,Mercedes -Benz AG,29
316,01-01-2024,4-Wheelers,KIA Motors,29
109,01-04-2023,4-Wheelers,Volvo Auto India,27
228,01-10-2022,4-Wheelers,BYD India,27
278,01-12-2022,4-Wheelers,BMW India,27
174,01-07-2023,4-Wheelers,Volvo Auto India,26
219,01-09-2023,4-Wheelers,KIA Motors,26
330,01-02-2023,4-Wheelers,Volvo Auto India,26
369,01-03-2024,4-Wheelers,KIA Motors,26
339,01-02-2024,4-Wheelers,Mercedes -Benz AG,24
173,01-07-2023,4-Wheelers,Mercedes -Benz AG,23
291,01-12-2023,4-Wheelers,KIA Motors,23
312,01-01-2024,4-Wheelers,PCA Automobiles,23
175,01-07-2023,4-Wheelers,KIA Motors,22
331,01-02-2023,4-Wheelers,KIA Motors,22
197,01-08-2023,4-Wheelers,KIA Motors,21
208,01-09-2022,4-Wheelers,BMW India,21
305,01-01-2023,4-Wheelers,Volvo Auto India,21
413,01-05-2021,2-Wheelers,BAJAJ,20
119,01-05-2022,4-Wheelers,Hyundai Motor,19
186,01-08-2022,4-Wheelers,BMW India,19
424,01-05-2022,2-Wheelers,OKAYA EV,19
157,01-07-2021,4-Wheelers,Hyundai Motor,18
240,01-10-2023,4-Wheelers,Mercedes -Benz AG,18
98,01-04-2022,4-Wheelers,Hyundai Motor,17
341,01-02-2024,4-Wheelers,KIA Motors,17
359,01-03-2023,4-Wheelers,KIA Motors,17
280,01-12-2022,4-Wheelers,Volvo Auto India,16
97,01-04-2022,4-Wheelers,BYD India,15
151,01-06-2023,4-Wheelers,Mercedes -Benz AG,14
253,01-11-2022,4-Wheelers,BMW India,14
304,01-01-2023,4-Wheelers,Mercedes -Benz AG,14
345,01-03-2022,4-Wheelers,BYD India,14
346,01-03-2022,4-Wheelers,Hyundai Motor,14
723,01-01-2023,2-Wheelers,REVOLT,14
415,01-05-2021,2-Wheelers,JITENDRA,13
92,01-04-2021,4-Wheelers,Hyundai Motor,12
99,01-04-2022,4-Wheelers,BMW India,12
329,01-02-2023,4-Wheelers,Mercedes -Benz AG,12
135,01-06-2021,4-Wheelers,Hyundai Motor,10
179,01-08-2021,4-Wheelers,Hyundai Motor,10
271,01-12-2021,4-Wheelers,Hyundai Motor,10
320,01-02-2022,4-Wheelers,BYD India,10
357,01-03-2023,4-Wheelers,Mercedes -Benz AG,10
129,01-05-2023,4-Wheelers,Mercedes -Benz AG,9
411,01-05-2021,2-Wheelers,TVS,9
100,01-04-2022,4-Wheelers,Mercedes -Benz AG,8
108,01-04-2023,4-Wheelers,Mercedes -Benz AG,8
195,01-08-2023,4-Wheelers,Mercedes -Benz AG,8
223,01-10-2021,4-Wheelers,Hyundai Motor,8
295,01-01-2022,4-Wheelers,BYD India,8
246,01-11-2021,4-Wheelers,Hyundai Motor,7
347,01-03-2022,4-Wheelers,BMW India,7
120,01-05-2022,4-Wheelers,BMW India,6
201,01-09-2021,4-Wheelers,Hyundai Motor,6
279,01-12-2022,4-Wheelers,Mercedes -Benz AG,6
296,01-01-2022,4-Wheelers,Hyundai Motor,6
321,01-02-2022,4-Wheelers,Hyundai Motor,6
255,01-11-2022,4-Wheelers,Volvo Auto India,5
348,01-03-2022,4-Wheelers,Mercedes -Benz AG,5
121,01-05-2022,4-Wheelers,Mercedes -Benz AG,4
142,01-06-2022,4-Wheelers,BMW India,4
164,01-07-2022,4-Wheelers,BMW India,4
230,01-10-2022,4-Wheelers,BMW India,4
231,01-10-2022,4-Wheelers,Mercedes -Benz AG,4
254,01-11-2022,4-Wheelers,Mercedes -Benz AG,4
349,01-03-2022,4-Wheelers,Volvo Auto India,4
93,01-04-2021,4-Wheelers,Mercedes -Benz AG,3
114,01-05-2021,4-Wheelers,Hyundai Motor,3
187,01-08-2022,4-Wheelers,Mercedes -Benz AG,3
209,01-09-2022,4-Wheelers,Mercedes -Benz AG,3
224,01-10-2021,4-Wheelers,Mercedes -Benz AG,3
322,01-02-2022,4-Wheelers,Mercedes -Benz AG,3
136,01-06-2021,4-Wheelers,Mercedes -Benz AG,2
143,01-06-2022,4-Wheelers,Mercedes -Benz AG,2
180,01-08-2021,4-Wheelers,Mercedes -Benz AG,2
202,01-09-2021,4-Wheelers,Mercedes -Benz AG,2
247,01-11-2021,4-Wheelers,Mercedes -Benz AG,2
297,01-01-2022,4-Wheelers,Mercedes -Benz AG,2
158,01-07-2021,4-Wheelers,Mercedes -Benz AG,1
165,01-07-2022,4-Wheelers,Mercedes -Benz AG,1
270,01-12-2021,4-Wheelers,BYD India,1
272,01-12-2021,4-Wheelers,Mercedes -Benz AG,1
1,01-04-2021,2-Wheelers,OLA ELECTRIC,0
2,01-04-2022,2-Wheelers,OKAYA EV,0
3,01-05-2021,2-Wheelers,OLA ELECTRIC,0
4,01-06-2021,2-Wheelers,OLA ELECTRIC,0
5,01-07-2021,2-Wheelers,OLA ELECTRIC,0
6,01-08-2021,2-Wheelers,OLA ELECTRIC,0
7,01-09-2021,2-Wheelers,OLA ELECTRIC,0
8,01-10-2021,2-Wheelers,OLA ELECTRIC,0
9,01-11-2021,2-Wheelers,OLA ELECTRIC,0
10,01-04-2021,4-Wheelers,BYD India,0
11,01-04-2021,4-Wheelers,PCA Automobiles,0
12,01-04-2021,4-Wheelers,BMW India,0
13,01-04-2021,4-Wheelers,Volvo Auto India,0
14,01-04-2021,4-Wheelers,KIA Motors,0
15,01-04-2022,4-Wheelers,PCA Automobiles,0
16,01-04-2022,4-Wheelers,Volvo Auto India,0
17,01-04-2022,4-Wheelers,KIA Motors,0
18,01-05-2021,4-Wheelers,BYD India,0
19,01-05-2021,4-Wheelers,PCA Automobiles,0
20,01-05-2021,4-Wheelers,BMW India,0
21,01-05-2021,4-Wheelers,Mercedes -Benz AG,0
22,01-05-2021,4-Wheelers,Volvo Auto India,0
23,01-05-2021,4-Wheelers,KIA Motors,0
24,01-05-2022,4-Wheelers,PCA Automobiles,0
25,01-05-2022,4-Wheelers,Volvo Auto India,0
26,01-05-2022,4-Wheelers,KIA Motors,0
27,01-06-2021,4-Wheelers,BYD India,0
28,01-06-2021,4-Wheelers,PCA Automobiles,0
29,01-06-2021,4-Wheelers,BMW India,0
30,01-06-2021,4-Wheelers,Volvo Auto India,0
31,01-06-2021,4-Wheelers,KIA Motors,0
32,01-06-2022,4-Wheelers,PCA Automobiles,0
33,01-06-2022,4-Wheelers,Volvo Auto India,0
34,01-06-2022,4-Wheelers,KIA Motors,0
35,01-07-2021,4-Wheelers,BYD India,0
36,01-07-2021,4-Wheelers,PCA Automobiles,0
37,01-07-2021,4-Wheelers,BMW India,0
38,01-07-2021,4-Wheelers,Volvo Auto India,0
39,01-07-2021,4-Wheelers,KIA Motors,0
40,01-07-2022,4-Wheelers,PCA Automobiles,0
41,01-07-2022,4-Wheelers,Volvo Auto India,0
42,01-07-2022,4-Wheelers,KIA Motors,0
43,01-08-2021,4-Wheelers,BYD India,0
44,01-08-2021,4-Wheelers,PCA Automobiles,0
45,01-08-2021,4-Wheelers,BMW India,0
46,01-08-2021,4-Wheelers,Volvo Auto India,0
47,01-08-2021,4-Wheelers,KIA Motors,0
48,01-08-2022,4-Wheelers,PCA Automobiles,0
49,01-08-2022,4-Wheelers,Volvo Auto India,0
50,01-08-2022,4-Wheelers,KIA Motors,0
51,01-09-2021,4-Wheelers,BYD India,0
52,01-09-2021,4-Wheelers,PCA Automobiles,0
53,01-09-2021,4-Wheelers,BMW India,0
54,01-09-2021,4-Wheelers,Volvo Auto India,0
55,01-09-2021,4-Wheelers,KIA Motors,0
56,01-09-2022,4-Wheelers,PCA Automobiles,0
57,01-09-2022,4-Wheelers,Volvo Auto India,0
58,01-09-2022,4-Wheelers,KIA Motors,0
59,01-10-2021,4-Wheelers,BYD India,0
60,01-10-2021,4-Wheelers,PCA Automobiles,0
61,01-10-2021,4-Wheelers,BMW India,0
62,01-10-2021,4-Wheelers,Volvo Auto India,0
63,01-10-2021,4-Wheelers,KIA Motors,0
64,01-10-2022,4-Wheelers,PCA Automobiles,0
65,01-10-2022,4-Wheelers,Volvo Auto India,0
66,01-11-2021,4-Wheelers,BYD India,0
67,01-11-2021,4-Wheelers,PCA Automobiles,0
68,01-11-2021,4-Wheelers,BMW India,0
69,01-11-2021,4-Wheelers,Volvo Auto India,0
70,01-11-2021,4-Wheelers,KIA Motors,0
71,01-11-2022,4-Wheelers,PCA Automobiles,0
72,01-12-2021,4-Wheelers,PCA Automobiles,0
73,01-12-2021,4-Wheelers,BMW India,0
74,01-12-2021,4-Wheelers,Volvo Auto India,0
75,01-12-2021,4-Wheelers,KIA Motors,0
76,01-12-2022,4-Wheelers,PCA Automobiles,0
77,01-01-2022,4-Wheelers,PCA Automobiles,0
78,01-01-2022,4-Wheelers,BMW India,0
79,01-01-2022,4-Wheelers,Volvo Auto India,0
80,01-01-2022,4-Wheelers,KIA Motors,0
81,01-01-2023,4-Wheelers,PCA Automobiles,0
82,01-02-2022,4-Wheelers,PCA Automobiles,0
83,01-02-2022,4-Wheelers,BMW India,0
84,01-02-2022,4-Wheelers,Volvo Auto India,0
85,01-02-2022,4-Wheelers,KIA Motors,0
86,01-02-2023,4-Wheelers,PCA Automobiles,0
87,01-03-2022,4-Wheelers,PCA Automobiles,0
88,01-03-2022,4-Wheelers,KIA Motors,0
